Par,Volumen total diario
ETHBTC,"336,573,703.28"
LTCBTC,"336,577,628.78"
BNBBTC,"1,510,581,112.01"
NEOBTC,"424,093,655.00"
QTUMETH,"88,986,296.59"
EOSETH,"715,174,975.71"
SNTETH,"6,572,774,200.00"
BNTETH,"219,235,313.26"
BCCBTC,"4,104,808.87"
GASBTC,"446,199,689.96"
BNBETH,"155,755,910.17"
BTCUSDT,"157,010,706.06"
ETHUSDT,"1,186,512,913.12"
HSRBTC,"2,416.37"
OAXETH,"208,176,315.03"
DNTETH,"1,315,304,500.00"
MCOETH,"16,008,433.04"
ICNETH,"7,123,114.00"
MCOBTC,"143,260,754.89"
WTCBTC,"2,767,056,164.57"
WTCETH,"90,485,818.18"
LRCBTC,"13,276,140,937.00"
LRCETH,"2,587,747,115.00"
QTUMBTC,"1,034,838,771.21"
YOYOBTC,"40,179,182,947.00"
OMGBTC,"1,480,396,463.72"
OMGETH,"180,821,357.26"
ZRXBTC,"7,362,257,900.00"
ZRXETH,"679,425,168.00"
STRATBTC,"979,077,467.63"
STRATETH,"87,724,220.07"
SNGLSBTC,"42,689,587,591.00"
SNGLSETH,"955,286,742.00"
BQXBTC,"11,939,700,891.00"
BQXETH,"657,905,881.00"
KNCBTC,"4,076,261,454.80"
KNCETH,"651,570,463.30"
FUNBTC,"118,657,005,688.00"
FUNETH,"31,660,782,586.00"
SNMBTC,"35,871,755,220.40"
SNMETH,"766,405,396.00"
NEOETH,"57,504,858.45"
IOTABTC,"8,800,406,071.00"
IOTAETH,"983,279,649.00"
LINKBTC,"6,617,682,433.87"
LINKETH,"723,384,942.92"
XVGBTC,"321,592,207,953.00"
XVGETH,"66,843,831,179.00"
SALTBTC,"326,975,481.42"
SALTETH,"38,291,457.62"
MDABTC,"2,746,934,216.00"
MDAETH,"109,012,275.00"
MTLBTC,"5,109,560,292.54"
MTLETH,"394,076,741.75"
SUBBTC,"1,128,854,270.00"
SUBETH,"123,935,643.00"
EOSBTC,"4,963,223,436.34"
SNTBTC,"31,347,395,989.00"
ETCETH,"65,675,794.06"
ETCBTC,"674,943,517.04"
MTHBTC,"41,449,213,143.00"
MTHETH,"1,505,669,680.00"
ENGBTC,"1,277,542,744.00"
ENGETH,"150,457,799.00"
DNTBTC,"40,128,638,469.00"
ZECBTC,"72,174,326.56"
ZECETH,"5,159,455.26"
BNTBTC,"948,958,364.50"
ASTBTC,"19,045,209,683.00"
ASTETH,"661,485,205.00"
DASHBTC,"46,353,923.64"
DASHETH,"4,464,664.58"
OAXBTC,"10,199,640,274.00"
ICNBTC,"24,053,876.00"
BTGBTC,"79,500,975.34"
BTGETH,"1,727,694.16"
EVXBTC,"2,603,336,439.00"
EVXETH,"196,859,768.00"
REQBTC,"21,192,243,445.00"
REQETH,"1,100,123,308.00"
VIBBTC,"44,880,231,705.00"
VIBETH,"10,811,869,111.00"
HSRETH,228.45
TRXBTC,"457,050,335,976.00"
TRXETH,"91,644,040,579.00"
POWRBTC,"10,406,465,410.00"
POWRETH,"1,392,679,632.00"
ARKBTC,"2,003,719,451.89"
ARKETH,"57,657,329.74"
YOYOETH,"933,180,200.00"
XRPBTC,"148,809,495,747.00"
XRPETH,"12,400,704,491.00"
MODBTC,"232,234,773.01"
MODETH,"23,825,620.97"
ENJBTC,"28,196,470,663.60"
ENJETH,"3,455,929,429.30"
STORJBTC,"3,564,516,408.00"
STORJETH,"179,531,900.00"
BNBUSDT,"3,462,011,493.23"
VENBNB,0.00
YOYOBNB,"421,365,190.18"
POWRBNB,"111,546,882.05"
VENBTC,"7,517.00"
VENETH,"6,753.00"
KMDBTC,"2,053,776,071.18"
KMDETH,"204,507,762.72"
NULSBNB,"21,111,721.00"
RCNBTC,"16,194,175,310.00"
RCNETH,"897,241,617.00"
RCNBNB,"369,562,260.18"
NULSBTC,"2,848,382,810.00"
NULSETH,"67,414,171.00"
RDNBTC,"2,031,562,205.00"
RDNETH,"116,693,878.00"
RDNBNB,"30,510,168.80"
XMRBTC,"106,912,982.06"
XMRETH,"10,961,463.15"
DLTBNB,"151,392,390.86"
WTCBNB,"104,966,118.54"
DLTBTC,"11,842,065,166.00"
DLTETH,"479,101,623.00"
AMBBTC,"61,264,750,734.00"
AMBETH,"589,607,902.00"
AMBBNB,"233,445,719.80"
BCCETH,"176,820.48"
BCCUSDT,"4,514,530.56"
BCCBNB,"27,528.88"
BATBTC,"16,545,586,175.00"
BATETH,"1,485,867,646.00"
BATBNB,"558,176,878.78"
BCPTBTC,"14,147,850,764.00"
BCPTETH,"548,896,712.00"
BCPTBNB,"275,877,688.25"
ARNBTC,"3,578,128,550.00"
ARNETH,"328,691,933.00"
GVTBTC,"313,555,724.91"
GVTETH,"12,065,432.64"
CDTBTC,"45,699,243,173.00"
CDTETH,"7,951,919,507.00"
GXSBTC,"1,492,771,066.73"
GXSETH,"468,883,779.10"
NEOUSDT,"1,371,664,223.02"
NEOBNB,"26,649,425.34"
POEBTC,"88,702,424,587.00"
POEETH,"4,289,923,742.00"
QSPBTC,"23,925,323,987.00"
QSPETH,"4,680,599,744.00"
QSPBNB,"326,919,818.00"
BTSBTC,"24,591,517,332.00"
BTSETH,"373,394,876.00"
BTSBNB,"85,216,642.50"
XZCBTC,"70,298,645.19"
XZCETH,"6,457,231.51"
XZCBNB,"2,684,129.24"
LSKBTC,"934,941,786.83"
LSKETH,"116,588,088.92"
LSKBNB,"8,761,109.93"
TNTBTC,"19,579,083,699.00"
TNTETH,"2,365,171,369.00"
FUELBTC,"116,079,279,189.00"
FUELETH,"18,462,117,785.00"
MANABTC,"23,988,049,933.00"
MANAETH,"2,466,240,058.00"
BCDBTC,"1,521,534,318.96"
BCDETH,"55,083,712.11"
DGDBTC,"9,760,769.95"
DGDETH,"1,946,158.27"
IOTABNB,"518,493,623.57"
ADXBTC,"7,804,339,319.00"
ADXETH,"2,249,792,896.00"
ADXBNB,"41,845,566.50"
ADABTC,"163,365,799,990.40"
ADAETH,"16,631,412,127.10"
PPTBTC,"880,817,710.05"
PPTETH,"38,440,831.27"
CMTBTC,"20,826,137,055.00"
CMTETH,"3,104,109,811.00"
CMTBNB,"411,441,119.08"
XLMBTC,"79,011,927,491.00"
XLMETH,"6,210,872,069.00"
XLMBNB,"3,330,688,539.31"
CNDBTC,"40,159,123,475.00"
CNDETH,"1,139,738,895.00"
CNDBNB,"460,594,999.00"
LENDBTC,"32,643,964,843.00"
LENDETH,"4,557,909,569.00"
WABIBTC,"10,886,775,095.00"
WABIETH,"162,244,943.00"
WABIBNB,"1,127,478,407.67"
LTCETH,"27,427,938.48"
LTCUSDT,"1,303,534,021.19"
LTCBNB,"16,548,980.54"
TNBBTC,"108,916,129,426.00"
TNBETH,"7,291,741,618.00"
WAVESBTC,"2,329,691,780.16"
WAVESETH,"179,163,364.58"
WAVESBNB,"62,725,221.36"
GTOBTC,"57,252,059,239.00"
GTOETH,"1,971,972,285.00"
GTOBNB,"930,821,370.84"
ICXBTC,"8,459,500,880.93"
ICXETH,"798,664,126.32"
ICXBNB,"253,028,218.99"
OSTBTC,"37,115,695,327.00"
OSTETH,"5,287,224,961.00"
OSTBNB,"292,457,399.18"
ELFBTC,"9,038,717,641.00"
ELFETH,"1,993,331,246.00"
AIONBTC,"15,428,041,487.43"
AIONETH,"1,913,888,659.93"
AIONBNB,"250,666,223.39"
NEBLBTC,"960,025,982.85"
NEBLBNB,"16,480,020.40"
BRDBTC,"5,048,511,569.00"
BRDETH,"1,237,387,537.00"
BRDBNB,"153,346,266.26"
MCOBNB,"2,451,307.90"
EDOBTC,"525,445,770.39"
EDOETH,"59,242,558.41"
WINGSBTC,"752,847,539.00"
WINGSETH,"52,926,680.00"
NAVBTC,"2,985,314,241.55"
NAVETH,"215,647,374.53"
NAVBNB,"23,299,965.46"
LUNBTC,"199,198,596.74"
LUNETH,"6,721,769.88"
TRIGBTC,"229,874,833.28"
TRIGETH,"26,552,956.34"
TRIGBNB,"4,540,122.17"
APPCBTC,"10,720,735,891.00"
APPCETH,"336,408,734.00"
APPCBNB,"128,087,036.06"
VIBEBTC,"19,059,986,512.00"
VIBEETH,"930,067,838.00"
RLCBTC,"1,886,068,495.37"
RLCETH,"242,014,017.26"
RLCBNB,"40,604,628.99"
INSBTC,"2,711,111,196.38"
INSETH,"147,683,068.46"
PIVXBTC,"2,793,379,530.92"
PIVXBNB,"13,016,722.80"
IOSTBTC,"449,480,353,607.00"
IOSTETH,"41,320,914,004.00"
CHATBTC,"3,147,363,861.00"
CHATETH,"379,202,650.00"
STEEMBTC,"4,490,406,869.13"
STEEMETH,"944,062,856.07"
STEEMBNB,"115,775,930.94"
NANOBTC,"1,904,914,289.41"
NANOETH,"172,727,063.47"
NANOBNB,"35,918,379.23"
VIABTC,"1,371,453,370.06"
VIAETH,"33,666,909.30"
VIABNB,"16,428,556.00"
BLZBTC,"16,821,686,345.00"
BLZETH,"1,802,942,765.00"
BLZBNB,"884,888,366.70"
AEBTC,"1,728,063,898.32"
AEETH,"183,236,818.88"
AEBNB,"23,474,914.50"
RPXBTC,"229,546.00"
RPXETH,"28,464.00"
RPXBNB,0.00
NCASHBTC,"121,193,506,057.00"
NCASHETH,"165,883,624,754.00"
NCASHBNB,"3,708,150,271.85"
POABTC,"22,936,149,311.00"
POAETH,"780,943,054.00"
POABNB,"232,009,527.20"
ZILBTC,"205,652,365,629.00"
ZILETH,"26,117,374,250.00"
ZILBNB,"11,448,737,411.18"
ONTBTC,"5,774,738,224.11"
ONTETH,"509,671,700.85"
ONTBNB,"180,633,248.38"
STORMBTC,"116,996,210,603.00"
STORMETH,"15,542,916,879.00"
STORMBNB,"4,797,199,319.00"
QTUMBNB,"10,489,505.92"
QTUMUSDT,"3,637,960,033.42"
XEMBTC,"35,236,752,792.00"
XEMETH,"2,289,159,155.00"
XEMBNB,"340,330,713.01"
WANBTC,"4,347,411,653.16"
WANETH,"598,457,438.03"
WANBNB,"186,601,828.15"
WPRBTC,"41,065,652,880.00"
WPRETH,"1,300,175,744.00"
QLCBTC,"61,696,970,111.00"
QLCETH,"4,637,628,762.00"
SYSBTC,"13,200,676,278.00"
SYSETH,"290,630,952.00"
SYSBNB,"123,788,523.29"
QLCBNB,"249,830,916.00"
GRSBTC,"2,587,357,277.00"
GRSETH,"72,175,159.00"
ADAUSDT,"473,681,028,059.53"
ADABNB,"8,188,894,852.28"
CLOAKBTC,"33,738,057.72"
CLOAKETH,"3,622,531.09"
GNTBTC,"4,832,223,049.00"
GNTETH,"593,519,875.00"
GNTBNB,"65,796,801.50"
LOOMBTC,"34,000,756,029.00"
LOOMETH,"6,308,075,464.00"
LOOMBNB,"405,410,699.62"
XRPUSDT,"689,751,901,338.63"
BCNBTC,"30,341,587,414.00"
BCNETH,"3,897,906,217.00"
BCNBNB,"763,301,086.00"
REPBTC,"79,423,330.80"
REPBNB,"633,220.70"
BTCTUSD,"7,729,003.28"
TUSDBTC,"1,714,174,866.00"
ETHTUSD,"6,216,916.47"
TUSDETH,"238,948,963.00"
TUSDBNB,"101,945,542.30"
ZENBTC,"63,208,715.46"
ZENETH,"9,186,120.58"
ZENBNB,"6,756,257.18"
SKYBTC,"929,649,790.67"
SKYETH,"24,219,901.55"
SKYBNB,"17,851,406.22"
EOSUSDT,"30,435,437,914.52"
EOSBNB,"252,648,883.59"
CVCBTC,"14,240,083,136.00"
CVCETH,"1,349,035,391.00"
CVCBNB,"76,557,994.00"
THETABTC,"13,889,201,148.60"
THETAETH,"1,319,548,433.30"
THETABNB,"649,828,287.76"
XRPBNB,"7,967,570,084.30"
TUSDUSDT,"39,947,779,745.99"
IOTAUSDT,"26,935,016,982.48"
XLMUSDT,"245,662,259,348.27"
IOTXBTC,"141,776,055,155.00"
IOTXETH,"29,228,698,695.00"
QKCBTC,"156,691,414,682.00"
QKCETH,"19,920,419,191.00"
AGIBTC,"18,687,165,942.00"
AGIETH,"930,584,661.00"
AGIBNB,"342,911,017.49"
NXSBTC,"1,210,769,081.47"
NXSETH,"31,358,020.16"
NXSBNB,"18,122,909.01"
ENJBNB,"1,302,958,835.30"
DATABTC,"38,273,152,743.00"
DATAETH,"3,367,693,542.00"
ONTUSDT,"32,709,600,604.57"
TRXBNB,"45,671,538,433.00"
TRXUSDT,"2,194,838,177,033.40"
ETCUSDT,"3,862,860,578.16"
ETCBNB,"25,270,488.53"
ICXUSDT,"19,145,861,133.34"
SCBTC,"382,932,844,783.00"
SCETH,"74,768,983,774.00"
NPXSBTC,"935,359,241,986.00"
NPXSETH,"1,427,203,643,676.00"
VENUSDT,"1,224.00"
KEYBTC,"132,548,272,834.00"
KEYETH,"76,399,791,587.00"
NASBTC,"1,925,840,069.66"
NASETH,"847,550,365.31"
NASBNB,"13,779,834.10"
MFTBTC,"204,514,122,226.00"
MFTETH,"88,745,398,230.00"
MFTBNB,"42,053,407,497.00"
DENTBTC,"443,197,901,153.00"
DENTETH,"718,328,931,174.00"
ARDRBTC,"7,542,937,761.00"
ARDRETH,"191,796,466.00"
ARDRBNB,"61,059,422.24"
NULSUSDT,"8,435,660,486.94"
HOTBTC,"1,170,950,058,098.00"
HOTETH,"844,917,446,025.00"
VETBTC,"657,651,036,979.00"
VETETH,"105,589,076,799.00"
VETUSDT,"1,959,262,981,530.70"
VETBNB,"45,411,095,868.00"
DOCKBTC,"113,148,790,019.00"
DOCKETH,"4,259,957,966.00"
POLYBTC,"13,059,925,449.00"
POLYBNB,"191,185,871.20"
PHXBTC,"43,177,257,571.00"
PHXETH,"1,874,379,575.00"
PHXBNB,"792,185,451.00"
HCBTC,"259,338,612.65"
HCETH,"17,302,546.85"
GOBTC,"52,439,720,718.93"
GOBNB,"2,748,134,455.66"
PAXBTC,"313,873,717.00"
PAXBNB,"21,122,067.20"
PAXUSDT,"7,352,360,757.81"
PAXETH,"17,915,914.00"
RVNBTC,"157,081,028,753.00"
DCRBTC,"28,894,282.16"
DCRBNB,"417,088.42"
USDCBNB,"2,744,757.80"
MITHBTC,"64,792,126,796.00"
MITHBNB,"11,874,425,306.50"
BCHABCBTC,"22,199,201.69"
BCHSVBTC,"17,745,259.11"
BCHABCUSDT,"40,302,565.27"
BCHSVUSDT,"22,577,136.29"
BNBPAX,"26,533,791.43"
BTCPAX,"1,180,277.45"
ETHPAX,"9,499,071.86"
XRPPAX,"941,946,841.81"
EOSPAX,"47,810,449.97"
XLMPAX,"539,391,584.40"
RENBTC,"25,162,542,083.00"
RENBNB,"660,712,826.40"
BNBTUSD,"12,503,634.95"
XRPTUSD,"1,709,175,003.31"
EOSTUSD,"137,095,577.32"
XLMTUSD,"1,044,711,872.00"
BNBUSDC,"29,647,454.23"
BTCUSDC,"3,707,687.71"
ETHUSDC,"29,320,712.55"
XRPUSDC,"6,900,280,359.62"
EOSUSDC,"291,705,816.48"
XLMUSDC,"706,034,820.10"
USDCUSDT,"177,449,805,156.70"
ADATUSD,"3,397,822,666.63"
TRXTUSD,"16,241,166,512.50"
NEOTUSD,"11,041,290.67"
TRXXRP,"20,401,440,070.00"
XZCXRP,"2,100,534.22"
PAXTUSD,"159,296,683.68"
USDCTUSD,"147,068,947.64"
USDCPAX,"264,792,718.03"
LINKUSDT,"11,952,493,879.67"
LINKTUSD,"97,697,922.05"
LINKPAX,"15,559,173.65"
LINKUSDC,"179,959,790.61"
WAVESUSDT,"4,715,927,328.77"
WAVESTUSD,"27,505,459.81"
WAVESPAX,"1,244,788.58"
WAVESUSDC,"7,161,388.06"
BCHABCTUSD,"878,529.66"
BCHABCPAX,"357,184.36"
BCHABCUSDC,"367,559.14"
BCHSVTUSD,"278,741.83"
BCHSVPAX,"56,781.63"
BCHSVUSDC,"67,682.31"
LTCTUSD,"6,429,157.61"
LTCPAX,"2,363,196.20"
LTCUSDC,"15,512,698.58"
TRXPAX,"3,981,401,112.70"
TRXUSDC,"29,195,640,566.20"
BTTBTC,"1,706,259,985,733.00"
BTTBNB,"959,350,387,003.00"
BTTUSDT,"21,449,800,417,163.00"
BNBUSDS,"548,012.66"
BTCUSDS,"13,406.31"
USDSUSDT,"41,848,858.35"
USDSPAX,"35,491,716.79"
USDSTUSD,"20,674,219.20"
USDSUSDC,"33,616,173.94"
BTTPAX,"41,974,172,172.00"
BTTTUSD,"172,882,969,904.00"
BTTUSDC,"261,029,487,156.00"
ONGBNB,"30,602,317.60"
ONGBTC,"3,599,996,808.00"
ONGUSDT,"6,773,431,818.82"
HOTBNB,"216,574,341,330.00"
HOTUSDT,"5,212,473,210,190.00"
ZILUSDT,"523,227,578,650.60"
ZRXBNB,"83,012,535.80"
ZRXUSDT,"13,952,745,131.15"
FETBNB,"3,106,968,112.20"
FETBTC,"42,502,610,506.00"
FETUSDT,"81,071,658,236.91"
BATUSDT,"29,790,034,929.65"
XMRBNB,"3,394,103.03"
XMRUSDT,"144,161,644.03"
ZECBNB,"1,828,495.33"
ZECUSDT,"298,795,409.69"
ZECPAX,"92,420.59"
ZECTUSD,"837,417.04"
ZECUSDC,"1,929,893.00"
IOSTUSDT,"1,079,388,785,399.00"
CELRBNB,"23,200,575,147.00"
CELRBTC,"253,523,894,998.00"
CELRUSDT,"438,174,020,693.20"
ADAPAX,"243,477,809.80"
ADAUSDC,"5,010,061,790.51"
NEOPAX,"959,053.20"
NEOUSDC,"5,978,599.68"
DASHBNB,"1,447,366.61"
DASHUSDT,"190,852,077.00"
NANOUSDT,"1,546,282,275.04"
OMGBNB,"5,059,342.50"
OMGUSDT,"6,407,506,843.09"
THETAUSDT,"17,295,587,645.07"
ENJUSDT,"29,619,159,648.96"
MITHUSDT,"167,065,815,622.90"
MATICBNB,"23,088,027,645.90"
MATICBTC,"410,397,523,836.40"
MATICUSDT,"474,139,741,249.30"
ATOMBNB,"58,934,843.58"
ATOMBTC,"1,094,633,275.41"
ATOMUSDT,"4,497,127,618.84"
ATOMUSDC,"33,353,853.05"
ATOMPAX,"887,540.15"
ATOMTUSD,"1,825,402.16"
ETCUSDC,"736,177.12"
ETCPAX,"211,783.81"
ETCTUSD,"445,246.42"
BATUSDC,"165,138,591.95"
BATPAX,"14,771,523.68"
BATTUSD,"31,312,771.78"
PHBBNB,"1,883,749,561.00"
PHBBTC,"114,183,349,210.00"
PHBUSDC,"209,262,737.10"
PHBTUSD,"15,029,998,504.10"
PHBPAX,"116,355,669.20"
TFUELBNB,"3,651,417,877.00"
TFUELBTC,"150,286,249,717.00"
TFUELUSDT,"183,950,483,972.20"
TFUELUSDC,"138,022,274.70"
TFUELTUSD,"199,834,641.00"
TFUELPAX,"59,450,477.20"
ONEBNB,"29,645,316,990.00"
ONEBTC,"268,704,397,268.00"
ONEUSDT,"514,196,760,357.60"
ONETUSD,"450,075,249.20"
ONEPAX,"307,372,161.20"
ONEUSDC,"1,958,232,358.20"
FTMBNB,"5,825,527,278.00"
FTMBTC,"96,032,902,148.00"
FTMUSDT,"199,456,055,453.20"
FTMTUSD,"77,474,631.10"
FTMPAX,"35,026,258.80"
FTMUSDC,"178,983,690.70"
BTCBBTC,388.97
BCPTTUSD,"8,938,298.80"
BCPTPAX,"5,391,393.10"
BCPTUSDC,"99,172,069.70"
ALGOBNB,"861,355,758.10"
ALGOBTC,"11,064,788,421.28"
ALGOUSDT,"55,738,125,079.18"
ALGOTUSD,"223,588,809.93"
ALGOPAX,"22,840,502.19"
ALGOUSDC,"20,225,039.69"
USDSBUSDT,"1,064,622.35"
USDSBUSDS,"3,225,496.66"
GTOUSDT,"142,095,710,295.20"
GTOPAX,"15,987,744.00"
GTOTUSD,"61,630,469.60"
GTOUSDC,"120,304,370.60"
ERDBNB,"34,686,346,654.00"
ERDBTC,"345,997,819,617.00"
ERDUSDT,"285,118,018,693.00"
ERDPAX,"220,808,048.00"
ERDUSDC,"576,150,183.00"
DOGEBNB,"4,712,263,518.00"
DOGEBTC,"605,649,033,672.00"
DOGEUSDT,"2,900,644,604,381.80"
DOGEPAX,"86,628,077.00"
DOGEUSDC,"187,432,855.00"
DUSKBNB,"162,926,353.30"
DUSKBTC,"11,439,188,185.00"
DUSKUSDT,"31,047,138,224.09"
DUSKUSDC,"80,819,287.21"
DUSKPAX,"73,454,919.43"
BGBPUSDC,"13,549,325.07"
ANKRBNB,"14,212,181,453.00"
ANKRBTC,"212,610,000,749.00"
ANKRUSDT,"398,716,084,449.60"
ANKRTUSD,"123,475,090.40"
ANKRPAX,"605,295,226.50"
ANKRUSDC,"318,710,075.10"
ONTPAX,"13,211,912.97"
ONTUSDC,"4,197,483.00"
WINBNB,"2,758,765,233,657.00"
WINBTC,"67,337,418,012.00"
WINUSDT,"66,004,127,760,096.00"
WINUSDC,"3,469,702,708,332.00"
COSBNB,"32,170,292,155.00"
COSBTC,"114,139,269,279.00"
COSUSDT,"317,185,781,920.70"
TUSDBTUSD,"189,133.14"
NPXSUSDT,"2,391,466,500,036.00"
NPXSUSDC,"120,884,421,942.00"
COCOSBNB,"56,507,420,935.00"
COCOSBTC,"61,507,982,624.00"
COCOSUSDT,"399,512,114,778.76"
MTLUSDT,"4,803,057,708.56"
TOMOBNB,"87,063,217.40"
TOMOBTC,"2,255,261,939.40"
TOMOUSDT,"5,564,155,073.92"
TOMOUSDC,"70,874,638.93"
PERLBNB,"3,460,899,718.00"
PERLBTC,"27,376,476,237.00"
PERLUSDC,"20,881,883.28"
PERLUSDT,"83,804,425,315.02"
DENTUSDT,"5,888,004,561,144.00"
MFTUSDT,"446,121,987,078.00"
KEYUSDT,"861,757,872,260.00"
STORMUSDT,"28,918,061,572.00"
DOCKUSDT,"75,154,735,195.00"
WANUSDT,"5,049,687,777.58"
FUNUSDT,"244,320,665,236.00"
CVCUSDT,"26,927,268,810.20"
BTTTRX,"820,239,842,349.60"
WINTRX,"3,358,122,326,844.30"
CHZBNB,"11,201,582,062.00"
CHZBTC,"122,794,941,402.00"
CHZUSDT,"358,744,408,066.50"
BANDBNB,"77,034,039.80"
BANDBTC,"1,145,070,742.30"
BANDUSDT,"2,793,553,448.28"
BNBBUSD,"484,202,341.04"
BTCBUSD,"42,959,363.77"
BUSDUSDT,"727,049,822,479.72"
BEAMBNB,"12,540,857.70"
BEAMBTC,"1,676,491,231.93"
BEAMUSDT,"6,936,048,462.67"
XTZBNB,"89,958,246.90"
XTZBTC,"2,755,608,917.24"
XTZUSDT,"9,044,983,206.17"
RENUSDT,"32,020,757,537.60"
RVNUSDT,"227,233,263,779.30"
HCUSDT,"52,085,062.14"
HBARBNB,"2,977,523,237.00"
HBARBTC,"49,669,863,155.00"
HBARUSDT,"133,796,441,448.50"
NKNBNB,"618,663,564.00"
NKNBTC,"20,552,017,208.00"
NKNUSDT,"37,808,312,933.80"
XRPBUSD,"83,573,200,332.45"
ETHBUSD,"312,772,183.26"
BCHABCBUSD,"17,684.27"
LTCBUSD,"136,658,356.16"
LINKBUSD,"1,078,240,003.39"
ETCBUSD,"263,301,109.81"
STXBNB,"505,090,298.20"
STXBTC,"4,143,456,526.20"
STXUSDT,"12,257,974,015.13"
KAVABNB,"99,161,991.10"
KAVABTC,"1,280,131,046.30"
KAVAUSDT,"7,650,323,304.15"
BUSDNGN,"372,718,431.76"
BNBNGN,"1,480,797.37"
BTCNGN,"123,879.16"
ARPABNB,"5,603,283,673.00"
ARPABTC,"49,875,098,811.00"
ARPAUSDT,"169,814,087,665.60"
TRXBUSD,"93,116,106,278.80"
EOSBUSD,"2,186,805,203.52"
IOTXUSDT,"303,457,515,980.00"
RLCUSDT,"3,582,717,013.21"
MCOUSDT,"23,447,268.68"
XLMBUSD,"16,392,701,490.10"
ADABUSD,"57,060,673,297.73"
CTXCBNB,"15,181,911.00"
CTXCBTC,"4,732,952,670.00"
CTXCUSDT,"22,744,316,885.74"
BCHBNB,"2,072,302.13"
BCHBTC,"38,602,503.43"
BCHUSDT,"208,097,507.12"
BCHUSDC,"1,949,944.22"
BCHTUSD,"799,294.72"
BCHPAX,"390,298.16"
BCHBUSD,"15,245,395.71"
BTCRUB,"67,844.30"
ETHRUB,"664,934.19"
XRPRUB,"517,329,390.50"
BNBRUB,"1,840,919.24"
TROYBNB,"31,142,108,084.00"
TROYBTC,"166,642,936,115.00"
TROYUSDT,"677,117,562,571.00"
BUSDRUB,"1,085,836,870.90"
QTUMBUSD,"138,272,905.11"
VETBUSD,"139,557,480,680.60"
VITEBNB,"134,802,951.00"
VITEBTC,"25,747,711,071.00"
VITEUSDT,"66,783,255,901.90"
FTTBNB,"66,452,491.09"
FTTBTC,"245,925,076.85"
FTTUSDT,"1,381,704,553.35"
BTCTRY,"627,435.16"
BNBTRY,"16,987,805.66"
BUSDTRY,"20,644,920,026.70"
ETHTRY,"5,762,965.29"
XRPTRY,"8,291,033,637.34"
USDTTRY,"76,267,302,938.42"
USDTRUB,"3,590,652,380.20"
BTCEUR,"2,686,359.96"
ETHEUR,"33,007,176.68"
BNBEUR,"46,265,878.87"
XRPEUR,"12,686,848,957.38"
EURBUSD,"13,692,825,653.08"
EURUSDT,"46,682,670,435.76"
OGNBNB,"879,943,199.30"
OGNBTC,"6,245,477,285.00"
OGNUSDT,"33,803,545,153.22"
DREPBNB,"605,140,629.00"
DREPBTC,"116,354,227,024.10"
DREPUSDT,"77,300,482,050.47"
BULLUSDT,"438,337.37"
BULLBUSD,"54,182.42"
BEARUSDT,"54,506,979.21"
BEARBUSD,"6,392,382.77"
ETHBULLUSDT,"8,770,168.34"
ETHBULLBUSD,"946,294.40"
ETHBEARUSDT,"118,526,271.85"
ETHBEARBUSD,"13,198,249.87"
TCTBNB,"92,175,076.00"
TCTBTC,"56,893,195,294.00"
TCTUSDT,"129,886,684,946.00"
WRXBNB,"1,104,955,289.90"
WRXBTC,"12,587,437,214.90"
WRXUSDT,"21,390,598,083.08"
ICXBUSD,"1,795,814,301.91"
BTSUSDT,"99,856,264,865.50"
BTSBUSD,"214,270,850.20"
LSKUSDT,"1,335,933,119.32"
BNTUSDT,"2,266,222,665.78"
BNTBUSD,"260,183,316.52"
LTOBNB,"73,161,416.00"
LTOBTC,"16,632,988,136.00"
LTOUSDT,"21,085,170,611.00"
ATOMBUSD,"491,194,988.68"
DASHBUSD,"11,015,825.83"
NEOBUSD,"67,374,827.35"
WAVESBUSD,"562,542,388.21"
XTZBUSD,"688,283,845.48"
EOSBULLUSDT,"55,923,742.80"
EOSBULLBUSD,"3,926,824.28"
EOSBEARUSDT,"8,759,444.39"
EOSBEARBUSD,"2,178,256.74"
XRPBULLUSDT,"10,837,749.19"
XRPBULLBUSD,"1,367,107.16"
XRPBEARUSDT,"238,664.44"
XRPBEARBUSD,"59,708.74"
BATBUSD,"1,735,614,675.12"
ENJBUSD,"3,185,412,621.39"
NANOBUSD,"163,024,946.10"
ONTBUSD,"1,704,110,946.01"
RVNBUSD,"21,785,468,431.20"
STRATBUSD,"12,243,531.41"
STRATBNB,"1,851,728.90"
STRATUSDT,"198,042,428.78"
AIONBUSD,"76,902,330.53"
AIONUSDT,"31,563,465,736.99"
MBLBNB,"53,940,137,395.00"
MBLBTC,"63,283,287,608.00"
MBLUSDT,"785,753,486,479.00"
COTIBNB,"2,361,458,148.00"
COTIBTC,"36,463,817,267.00"
COTIUSDT,"80,977,625,373.60"
ALGOBUSD,"7,797,505,904.88"
BTTBUSD,"773,170,902,375.00"
TOMOBUSD,"460,644,281.08"
XMRBUSD,"8,003,266.90"
ZECBUSD,"13,994,896.49"
BNBBULLUSDT,"1,586,066.92"
BNBBULLBUSD,"186,226.42"
BNBBEARUSDT,"619,178.01"
BNBBEARBUSD,"93,101.31"
STPTBNB,"82,679,891.00"
STPTBTC,"20,857,621,729.00"
STPTUSDT,"57,066,375,429.90"
BTCZAR,"13,175.86"
ETHZAR,"88,645.34"
BNBZAR,"295,424.75"
USDTZAR,"49,059,507.70"
BUSDZAR,"81,700,340.90"
BTCBKRW,"3,566.43"
ETHBKRW,"57,592.52"
BNBBKRW,"203,770.50"
WTCUSDT,"5,746,504,273.50"
DATABUSD,"14,499,746,971.00"
DATAUSDT,"55,862,276,949.00"
XZCUSDT,"36,578,581.89"
SOLBNB,"112,303,656.67"
SOLBTC,"1,224,007,760.53"
SOLUSDT,"4,724,110,948.52"
SOLBUSD,"1,524,478,866.45"
BTCIDRT,"3,596.38"
BNBIDRT,"737,315.01"
USDTIDRT,"400,939,941.83"
BUSDIDRT,"6,872,747.74"
CTSIBTC,"12,719,631,488.00"
CTSIUSDT,"32,610,988,423.30"
CTSIBNB,"2,816,385,832.00"
CTSIBUSD,"4,749,783,790.50"
HIVEBNB,"27,147,009.70"
HIVEBTC,"2,656,111,694.00"
HIVEUSDT,"8,057,846,124.39"
CHRBNB,"4,725,258,314.00"
CHRBTC,"17,927,680,696.00"
CHRUSDT,"76,364,071,869.10"
BTCUPUSDT,"298,315,436.38"
BTCDOWNUSDT,"326,826,653,894.72"
GXSUSDT,"4,949,935,090.78"
ARDRUSDT,"9,812,956,493.00"
ERDBUSD,"3,819,099,476.00"
LENDUSDT,"3,516,201,946.60"
HBARBUSD,"19,170,541,808.00"
MATICBUSD,"35,039,764,969.00"
WRXBUSD,"1,855,744,723.67"
ZILBUSD,"53,807,178,413.80"
MDTBNB,"569,209,000.00"
MDTBTC,"33,210,695,487.00"
MDTUSDT,"99,964,293,714.40"
STMXBTC,"146,534,594,501.00"
STMXETH,"40,599,648,588.00"
STMXUSDT,"559,039,535,840.00"
KNCBUSD,"546,579,382.75"
KNCUSDT,"5,636,293,751.32"
REPBUSD,"250,798.06"
REPUSDT,"96,454,404.31"
LRCBUSD,"5,015,009,429.20"
LRCUSDT,"39,019,146,224.20"
IQBNB,"28,054,420,070.00"
IQBUSD,"162,575,873,759.00"
PNTBTC,"1,072,672,151.00"
PNTUSDT,"7,125,091,920.66"
BTCGBP,"644,240.32"
ETHGBP,"7,212,554.55"
XRPGBP,"4,913,397,921.60"
BNBGBP,"12,455,822.74"
GBPBUSD,"3,858,357,921.61"
DGBBTC,"51,890,931,612.00"
DGBBUSD,"22,065,825,031.40"
BTCUAH,"17,928.73"
USDTUAH,"2,174,682,622.80"
COMPBTC,"12,788,555.07"
COMPBNB,"79,321.62"
COMPBUSD,"13,212,185.12"
COMPUSDT,"106,382,881.76"
BTCBIDR,"127,652.32"
ETHBIDR,"716,018.46"
BNBBIDR,"3,486,597.77"
BUSDBIDR,"3,166,794,983.77"
USDTBIDR,"6,147,271,239.73"
BKRWUSDT,"1,774,918,838.00"
BKRWBUSD,"187,422,439.00"
SCUSDT,"645,935,961,645.00"
ZENUSDT,"250,039,215.95"
SXPBTC,"4,734,591,891.60"
SXPBNB,"554,419,506.70"
SXPBUSD,"2,803,260,625.63"
SNXBTC,"401,647,328.31"
SNXBNB,"28,794,813.62"
SNXBUSD,"314,411,053.89"
SNXUSDT,"3,320,134,494.47"
ETHUPUSDT,"331,384,382.06"
ETHDOWNUSDT,"8,764,587,435,002.70"
ADAUPUSDT,"1,335,557,244.21"
ADADOWNUSDT,"1,239,607,319,883.13"
LINKUPUSDT,"69,219,298,794.57"
LINKDOWNUSDT,"465,913,657,749.83"
VTHOBNB,"58,333,292,070.00"
VTHOBUSD,"4,686,259,128.00"
VTHOUSDT,"981,275,959,128.00"
DCRBUSD,"209,724.94"
DGBUSDT,"160,180,801,536.20"
GBPUSDT,"13,142,233,923.40"
STORJBUSD,"625,178,482.05"
SXPUSDT,"26,678,802,892.46"
IRISBNB,"187,533,692.00"
IRISBTC,"15,603,480,516.00"
IRISBUSD,"155,511,905.80"
MKRBNB,"53,978.39"
MKRBTC,"723,287.75"
MKRUSDT,"6,496,611.80"
MKRBUSD,"634,011.12"
DAIBNB,"799,302.90"
DAIBTC,"11,512,870.00"
DAIUSDT,"36,055,985.94"
DAIBUSD,"4,369,206.53"
RUNEBNB,"362,430,194.90"
RUNEBTC,"1,392,156,019.70"
RUNEBUSD,"2,590,891,884.74"
MANABUSD,"6,522,281,832.35"
DOGEBUSD,"358,722,875,522.20"
LENDBUSD,"60,279,129.97"
ZRXBUSD,"997,844,057.69"
DCRUSDT,"26,874,512.88"
STORJUSDT,"10,888,247,405.59"
XRPBKRW,"18,450,250.90"
ADABKRW,"38,294,451.50"
BTCAUD,"360,157.35"
ETHAUD,"2,745,645.49"
AUDBUSD,"5,637,862,849.90"
FIOBNB,"1,163,788,201.40"
FIOBTC,"6,510,267,228.00"
FIOBUSD,"5,573,458,210.45"
BNBUPUSDT,"30,394,729.46"
BNBDOWNUSDT,"3,674,394,197,894.31"
XTZUPUSDT,"45,173,993,386.56"
XTZDOWNUSDT,"185,739,914,070.49"
AVABNB,"78,728,813.10"
AVABTC,"542,577,435.80"
AVABUSD,"443,996,891.02"
USDTBKRW,"31,645,642.80"
BUSDBKRW,"9,610,195.00"
IOTABUSD,"2,124,536,275.22"
MANAUSDT,"46,641,865,079.04"
XRPAUD,"2,383,615,475.35"
BNBAUD,"5,449,228.29"
AUDUSDT,"18,947,207,308.49"
BALBNB,"429,292.50"
BALBTC,"41,009,866.70"
BALBUSD,"25,732,815.03"
YFIBNB,"6,478.56"
YFIBTC,"294,748.49"
YFIBUSD,"95,051.33"
YFIUSDT,"1,254,147.70"
BLZBUSD,"3,007,340,765.60"
KMDBUSD,"2,030,970.92"
BALUSDT,"262,421,897.32"
BLZUSDT,"45,144,037,462.60"
IRISUSDT,"52,575,964,769.80"
KMDUSDT,"4,069,352,803.69"
BTCDAI,"126,369.13"
ETHDAI,"5,475,387.67"
BNBDAI,"2,840,891.76"
USDTDAI,"11,180,458,195.81"
BUSDDAI,"3,566,747,398.44"
JSTBNB,"2,405,293,569.00"
JSTBTC,"11,690,934,799.00"
JSTBUSD,"9,451,500,216.30"
JSTUSDT,"192,074,217,055.10"
SRMBNB,"113,876,052.20"
SRMBTC,"945,767,663.40"
SRMBUSD,"9,545,346,034.77"
SRMUSDT,"5,753,214,477.70"
ANTBNB,"69,112,304.09"
ANTBTC,"228,660,903.15"
ANTBUSD,"251,923,572.57"
ANTUSDT,"1,708,323,849.43"
CRVBNB,"93,655,636.21"
CRVBTC,"2,818,288,526.99"
CRVBUSD,"1,911,421,572.86"
CRVUSDT,"20,418,299,115.36"
SANDBNB,"1,748,713,741.00"
SANDBTC,"14,413,793,169.00"
SANDUSDT,"68,495,686,355.50"
SANDBUSD,"7,845,958,238.60"
OCEANBNB,"410,057,942.10"
OCEANBTC,"3,201,786,074.00"
OCEANBUSD,"4,342,973,273.74"
OCEANUSDT,"20,763,563,599.20"
NMRBTC,"27,821,231.80"
NMRBUSD,"42,405,207.35"
NMRUSDT,"109,072,506.39"
DOTBNB,"242,666,704.65"
DOTBTC,"1,861,155,807.84"
DOTBUSD,"1,390,393,227.14"
DOTUSDT,"10,691,065,964.81"
LUNABNB,"7,421,484,031.50"
LUNABTC,"21,228,513,321.45"
LUNABUSD,"85,121,375,879,308.30"
LUNAUSDT,"430,613,399,170.16"
IDEXBTC,"12,681,231,086.00"
IDEXBUSD,"33,150,608,717.90"
RSRBNB,"9,453,196,006.00"
RSRBTC,"63,050,979,351.00"
RSRBUSD,"141,828,565,652.60"
RSRUSDT,"898,564,179,889.50"
PAXGBNB,"91,303.94"
PAXGBTC,"706,335.83"
PAXGBUSD,"461,848.18"
PAXGUSDT,"2,432,510.87"
WNXMBNB,"1,117,668.21"
WNXMBTC,"9,997,504.39"
WNXMBUSD,"206,659.36"
WNXMUSDT,"62,577,225.11"
TRBBNB,"337,682.99"
TRBBTC,"30,710,310.27"
TRBBUSD,"30,340,409.41"
TRBUSDT,"213,283,894.06"
ETHNGN,"151,265.25"
DOTBIDR,"10,268,849.25"
LINKAUD,"15,095,165.30"
SXPAUD,"51,556,381.39"
BZRXBNB,"29,483,128.10"
BZRXBTC,"2,874,637,997.00"
BZRXBUSD,"1,219,420,701.04"
BZRXUSDT,"12,572,647,222.56"
WBTCBTC,"401,297.82"
WBTCETH,"42,779.83"
SUSHIBNB,"177,520,221.95"
SUSHIBTC,"1,489,946,844.44"
SUSHIBUSD,"962,764,373.18"
SUSHIUSDT,"9,316,880,016.43"
YFIIBNB,"43,211.09"
YFIIBTC,"809,358.85"
YFIIBUSD,"122,860.63"
YFIIUSDT,"5,617,029.18"
KSMBNB,"1,406,788.78"
KSMBTC,"16,379,908.44"
KSMBUSD,"12,494,069.64"
KSMUSDT,"113,419,785.74"
EGLDBNB,"8,037,380.75"
EGLDBTC,"66,846,274.56"
EGLDBUSD,"64,169,929.04"
EGLDUSDT,"330,558,909.50"
DIABNB,"36,866,995.14"
DIABTC,"975,797,710.75"
DIABUSD,"790,955,005.72"
DIAUSDT,"3,186,562,380.07"
RUNEUSDT,"7,498,044,212.88"
FIOUSDT,"24,098,765,473.52"
UMABTC,"127,246,008.87"
UMAUSDT,"890,295,765.08"
EOSUPUSDT,"1,439,515,852.40"
EOSDOWNUSDT,"597,823,672,260.11"
TRXUPUSDT,"4,016,781,623.37"
TRXDOWNUSDT,"194,616,954,195.63"
XRPUPUSDT,"4,886,519,772.48"
XRPDOWNUSDT,"4,117,259,442,013.57"
DOTUPUSDT,"2,168,740,534.08"
DOTDOWNUSDT,"1,542,239,716,405.81"
SRMBIDR,"1,465,514.71"
ONEBIDR,"425,847,575.00"
LINKTRY,"47,124,949.56"
USDTNGN,"949,099,191.56"
BELBNB,"172,845,346.90"
BELBTC,"552,685,260.60"
BELBUSD,"1,299,678,227.26"
BELUSDT,"6,274,687,201.54"
WINGBNB,"2,604,581.05"
WINGBTC,"48,606,200.41"
SWRVBNB,"206,776,026.05"
SWRVBUSD,"719,256,029.13"
WINGBUSD,"128,358,803.10"
WINGUSDT,"368,384,584.21"
LTCUPUSDT,"316,334,800.57"
LTCDOWNUSDT,"294,696,447,176.02"
LENDBKRW,"719,012.80"
SXPEUR,"673,250,105.00"
CREAMBNB,"4,140,814.85"
CREAMBUSD,"72,272,207.68"
UNIBNB,"97,378,535.27"
UNIBTC,"895,604,737.88"
UNIBUSD,"478,889,363.21"
UNIUSDT,"4,683,494,478.16"
NBSBTC,"24,710,851,866.00"
NBSUSDT,"184,545,167,797.80"
OXTBTC,"2,925,367,843.00"
OXTUSDT,"17,447,904,132.94"
SUNBTC,"17,089,842.47"
SUNUSDT,"451,218,298,090.24"
AVAXBNB,"36,004,400.98"
AVAXBTC,"354,326,324.95"
AVAXBUSD,"601,015,269.01"
AVAXUSDT,"2,960,473,300.76"
HNTBTC,"106,482,786.78"
HNTUSDT,"680,539,824.12"
BAKEBNB,"3,299,342,858.80"
BURGERBNB,"267,416,448.20"
SXPBIDR,"54,651,462.49"
LINKBKRW,"139,100.80"
FLMBNB,"19,444,529.70"
FLMBTC,"2,425,976,748.00"
FLMBUSD,"443,495,897.14"
FLMUSDT,"28,550,653,607.38"
SCRTBTC,"603,001,502.80"
SCRTETH,"226,948,136.61"
CAKEBNB,"481,952,832.21"
CAKEBUSD,"1,173,332,421.02"
SPARTABNB,"3,235,093,964.00"
UNIUPUSDT,"221,504,673.26"
UNIDOWNUSDT,"1,693,852,590,734.39"
ORNBTC,"154,170,144.87"
ORNUSDT,"1,060,730,806.97"
TRXNGN,"495,716,045.30"
SXPTRY,"2,769,194,175.99"
UTKBTC,"3,793,187,117.00"
UTKUSDT,"14,617,239,506.60"
XVSBNB,"48,621,847.30"
XVSBTC,"134,300,803.40"
XVSBUSD,"109,860,553.96"
XVSUSDT,"658,981,319.75"
ALPHABNB,"564,400,316.00"
ALPHABTC,"3,496,496,549.00"
ALPHABUSD,"3,000,327,378.55"
ALPHAUSDT,"27,633,844,580.56"
VIDTBTC,"4,360,050,939.00"
VIDTBUSD,"24,593,414,802.99"
AAVEBNB,"3,311,774.36"
BTCBRL,"343,339.05"
USDTBRL,"13,472,681,857.24"
AAVEBTC,"39,087,999.30"
AAVEETH,"5,617,237.42"
AAVEBUSD,"18,177,599.20"
AAVEUSDT,"208,235,446.73"
AAVEBKRW,"50,275.93"
NEARBNB,"97,492,403.70"
NEARBTC,"968,719,726.65"
NEARBUSD,"1,991,401,484.56"
NEARUSDT,"11,280,437,189.28"
SXPUPUSDT,"3,251,616,225.88"
SXPDOWNUSDT,"5,859,179,911,805.31"
DOTBKRW,"126,679.40"
SXPGBP,"88,407,686.98"
FILBNB,"45,416,889.41"
FILBTC,"262,651,049.07"
FILBUSD,"722,291,538.34"
FILUSDT,"4,477,121,118.06"
FILUPUSDT,"698,904,686.90"
FILDOWNUSDT,"1,241,740,833,572.67"
YFIUPUSDT,"608,488,794.40"
YFIDOWNUSDT,"2,689,639,883,201.06"
INJBNB,"164,376,602.30"
INJBTC,"321,011,178.00"
INJBUSD,"460,638,218.83"
INJUSDT,"2,523,882,289.88"
AERGOBTC,"4,361,663,482.00"
AERGOBUSD,"8,359,934,501.60"
LINKEUR,"112,582,590.09"
ONEBUSD,"70,585,652,090.50"
EASYETH,"42,055,529.96"
AUDIOBTC,"2,206,348,207.80"
AUDIOBUSD,"2,949,301,433.03"
AUDIOUSDT,"15,952,409,681.46"
CTKBNB,"203,440,905.70"
CTKBTC,"422,894,045.00"
CTKBUSD,"440,564,314.95"
CTKUSDT,"3,722,739,691.16"
BCHUPUSDT,"648,039,917.56"
BCHDOWNUSDT,"1,062,255,286.26"
BOTBTC,"168,943.74"
BOTBUSD,"167,071.93"
ETHBRL,"2,188,139.39"
DOTEUR,"181,222,629.01"
AKROBTC,"29,912,935,712.00"
AKROUSDT,"368,015,290,237.00"
KP3RBNB,"1,062,965.86"
KP3RBUSD,"11,484,474.95"
AXSBNB,"88,869,918.38"
AXSBTC,"591,987,253.75"
AXSBUSD,"431,526,754.64"
AXSUSDT,"3,486,689,595.79"
HARDBNB,"371,379,098.60"
HARDBTC,"1,052,221,001.60"
HARDBUSD,"1,926,250,275.91"
HARDUSDT,"8,910,168,401.66"
BNBBRL,"5,611,668.82"
LTCEUR,"20,459,938.04"
RENBTCBTC,"2,761.81"
RENBTCETH,482.13
DNTBUSD,"5,455,024,644.30"
DNTUSDT,"25,212,355,652.90"
SLPETH,"99,233,603,008.00"
ADAEUR,"11,488,977,743.45"
LTCNGN,"111,595.36"
CVPETH,"180,215,047.33"
CVPBUSD,"1,994,920,096.84"
STRAXBTC,"575,036,287.30"
STRAXETH,"103,891,619.88"
STRAXBUSD,"486,335,644.13"
STRAXUSDT,"2,331,905,106.00"
FORBTC,"21,128,742,150.00"
FORBUSD,"55,400,692,454.00"
UNFIBNB,"8,590,513.00"
UNFIBTC,"115,564,187.00"
UNFIBUSD,"270,831,352.39"
UNFIUSDT,"1,609,969,205.21"
FRONTETH,"119,529,659.00"
FRONTBUSD,"3,933,683,157.98"
BCHABUSD,"15,720,309.03"
ROSEBTC,"19,227,318,639.00"
ROSEBUSD,"52,117,021,889.80"
ROSEUSDT,"173,108,619,347.30"
AVAXTRY,"334,555,187.35"
BUSDBRL,"5,605,349,792.63"
AVAUSDT,"1,397,501,838.08"
SYSBUSD,"6,318,485,474.40"
XEMUSDT,"58,647,255,679.79"
HEGICETH,"1,206,542,595.00"
HEGICBUSD,"10,149,471,912.08"
AAVEUPUSDT,"526,311,011.14"
AAVEDOWNUSDT,"458,238,383,995.71"
PROMBNB,"34,154,904.77"
PROMBUSD,"240,857,615.76"
XRPBRL,"1,059,674,582.37"
XRPNGN,"85,739,775.05"
SKLBTC,"5,893,879,721.00"
SKLBUSD,"7,930,153,409.00"
SKLUSDT,"54,661,142,863.80"
BCHEUR,"1,669,863.87"
YFIEUR,"17,805.25"
ZILBIDR,"4,007,835,372.00"
SUSDBTC,"69,205,325.00"
SUSDETH,"4,157,400.09"
SUSDUSDT,"181,388,552.10"
COVERETH,"317,898.54"
COVERBUSD,"2,828,802.77"
GLMBTC,"2,962,657,555.00"
GLMETH,"857,962,823.00"
GHSTETH,"160,188,814.90"
GHSTBUSD,"1,023,255,060.71"
SUSHIUPUSDT,"25,227,553,288.11"
SUSHIDOWNUSDT,"1,760,581,061,601.96"
XLMUPUSDT,"5,491,293,717.14"
XLMDOWNUSDT,"280,465,932,600.67"
LINKBRL,"17,573,095.54"
LINKNGN,"148,487.57"
LTCRUB,"1,395,509.29"
TRXTRY,"29,032,709,702.00"
XLMEUR,"4,184,724,772.80"
DFETH,"264,068,645.00"
DFBUSD,"16,283,577,440.32"
GRTBTC,"8,931,454,487.00"
GRTETH,"1,444,651,497.00"
GRTUSDT,"89,644,692,299.17"
JUVBTC,"42,466,651.97"
JUVBUSD,"103,853,310.84"
JUVUSDT,"423,636,520.02"
PSGBTC,"46,339,317.29"
PSGBUSD,"61,391,427.36"
PSGUSDT,"348,166,707.27"
BUSDBVND,"15,172,392.47"
USDTBVND,"58,506,923.23"
1INCHBTC,"1,197,531,290.60"
1INCHUSDT,"10,427,388,960.67"
REEFBTC,"119,337,856,845.00"
REEFUSDT,"1,301,568,632,572.00"
OGBTC,"88,851,134.58"
OGUSDT,"855,471,813.84"
ATMBTC,"49,020,608.40"
ATMUSDT,"421,460,775.12"
ASRBTC,"60,756,061.40"
ASRUSDT,"541,087,366.04"
CELOBTC,"379,767,720.30"
CELOUSDT,"5,430,665,148.40"
RIFBTC,"4,040,164,029.00"
RIFUSDT,"16,719,130,558.38"
CHZTRY,"43,365,747,618.00"
XLMTRY,"3,803,826,287.49"
LINKGBP,"29,733,402.63"
GRTEUR,"1,204,589,707.84"
BTCSTBTC,"31,402,611.59"
BTCSTBUSD,"139,755,559.45"
BTCSTUSDT,"323,024,359.49"
TRUBTC,"4,114,552,940.60"
TRUBUSD,"747,090,231.73"
TRUUSDT,"41,415,287,822.27"
DEXEETH,"205,868,816.70"
DEXEBUSD,"417,981,356.52"
EOSEUR,"156,841,270.03"
LTCBRL,"2,437,247.94"
USDCBUSD,"39,760,948,941.26"
TUSDBUSD,"2,111,627,082.59"
PAXBUSD,"454,943,089.12"
CKBBTC,"59,568,108,939.00"
CKBBUSD,"121,923,835,996.00"
CKBUSDT,"503,989,051,174.00"
TWTBTC,"1,385,917,737.00"
TWTBUSD,"3,387,228,615.56"
TWTUSDT,"12,152,679,622.89"
FIROBTC,"105,994,928.12"
FIROETH,"11,297,676.86"
FIROUSDT,"606,840,686.18"
BETHETH,"2,395,887.80"
DOGEEUR,"56,208,674,022.50"
DOGETRY,"101,162,893,198.00"
DOGEAUD,"6,107,258,861.90"
DOGEBRL,"5,826,125,512.64"
DOTNGN,"12,137.44"
PROSETH,"1,123,271,288.79"
LITBTC,"355,732,454.80"
LITBUSD,"2,027,319,092.44"
LITUSDT,"5,272,482,517.63"
BTCVAI,871.53
BUSDVAI,"335,213,186.17"
SFPBTC,"781,269,864.00"
SFPBUSD,"1,906,053,394.19"
SFPUSDT,"11,280,917,275.18"
DOGEGBP,"17,001,867,661.20"
DOTTRY,"69,761,662.69"
FXSBTC,"77,612,530.36"
FXSBUSD,"298,750,615.47"
DODOBTC,"940,058,379.60"
DODOBUSD,"8,052,535,887.50"
DODOUSDT,"15,843,772,699.98"
FRONTBTC,"721,722,614.95"
EASYBTC,"13,775,910.75"
CAKEBTC,"360,717,277.41"
CAKEUSDT,"2,940,433,760.21"
BAKEBUSD,"6,034,583,347.44"
UFTETH,"442,250,767.15"
UFTBUSD,"5,411,274,076.00"
1INCHBUSD,"908,860,124.94"
BANDBUSD,"588,242,711.59"
GRTBUSD,"10,397,902,899.07"
IOSTBUSD,"37,913,507,317.50"
OMGBUSD,"253,111,532.32"
REEFBUSD,"309,047,416,272.90"
ACMBTC,"43,884,827.67"
ACMBUSD,"94,341,938.56"
ACMUSDT,"435,521,856.64"
AUCTIONBTC,"36,041,840.61"
AUCTIONBUSD,"115,539,756.95"
PHABTC,"1,631,547,232.00"
PHABUSD,"8,318,366,234.01"
DOTGBP,"33,277,909.58"
ADATRY,"3,594,391,855.41"
ADABRL,"1,074,686,032.01"
ADAGBP,"2,022,886,274.72"
TVKBTC,"7,408,789,571.00"
TVKBUSD,"19,808,174,412.25"
BADGERBTC,"34,811,865.53"
BADGERBUSD,"76,513,681.22"
BADGERUSDT,"348,529,051.42"
FISBTC,"496,367,920.40"
FISBUSD,"1,531,751,742.92"
FISUSDT,"4,243,242,723.95"
DOTBRL,"16,926,042.83"
ADAAUD,"1,198,078,352.64"
HOTTRY,"1,055,361,501,710.00"
EGLDEUR,"10,008,104.98"
OMBTC,"4,231,932,584.00"
OMBUSD,"7,616,886,786.81"
OMUSDT,"25,094,718,721.40"
PONDBTC,"22,704,069,936.00"
PONDBUSD,"62,069,459,489.41"
PONDUSDT,"169,739,067,022.16"
DEGOBTC,"141,214,187.99"
DEGOBUSD,"363,425,756.86"
DEGOUSDT,"1,133,705,139.61"
AVAXEUR,"30,832,609.72"
BTTTRY,"1,472,047,480,201.00"
CHZBRL,"2,484,729,167.39"
UNIEUR,"18,224,139.77"
ALICEBTC,"394,519,245.41"
ALICEBUSD,"554,136,512.90"
ALICEUSDT,"4,026,464,868.44"
CHZBUSD,"29,380,690,990.04"
CHZEUR,"4,105,166,624.05"
CHZGBP,"1,302,407,379.05"
BIFIBNB,"78,507.97"
BIFIBUSD,"970,948.51"
LINABTC,"31,382,390,909.00"
LINABUSD,"112,429,095,909.81"
LINAUSDT,"582,150,765,898.43"
ADARUB,"182,726,915.04"
ENJBRL,"126,592,027.29"
ENJEUR,"472,320,743.25"
MATICEUR,"2,984,515,986.97"
NEOTRY,"34,525,923.78"
PERPBTC,"221,508,087.24"
PERPBUSD,"777,725,580.58"
PERPUSDT,"2,333,817,167.04"
RAMPBTC,"1,933,041,370.00"
RAMPBUSD,"5,885,066,190.56"
RAMPUSDT,"14,540,404,169.90"
SUPERBTC,"1,299,613,658.10"
SUPERBUSD,"3,142,158,719.37"
SUPERUSDT,"13,279,530,140.31"
CFXBTC,"4,363,865,170.20"
CFXBUSD,"24,295,559,704.45"
CFXUSDT,"69,136,637,351.69"
ENJGBP,"156,418,163.40"
EOSTRY,"337,787,338.73"
LTCGBP,"2,363,007.48"
LUNAEUR,"5,601,112,279.68"
RVNTRY,"32,669,002,412.65"
THETAEUR,"127,955,201.80"
XVGBUSD,"134,534,452,176.30"
EPSBTC,"1,215,430,080.20"
EPSBUSD,"2,223,632,133.25"
EPSUSDT,"13,874,968,414.89"
AUTOBTC,"463,106.85"
AUTOBUSD,"1,664,226.01"
AUTOUSDT,"4,411,295.22"
TKOBTC,"666,122,433.40"
TKOBIDR,"955,830,158.90"
TKOBUSD,"1,923,219,231.39"
TKOUSDT,"6,322,401,155.52"
PUNDIXETH,"274,524,170.62"
PUNDIXUSDT,"2,980,846,888.03"
BTTBRL,"54,159,768,657.20"
BTTEUR,"129,793,924,284.00"
HOTEUR,"89,856,633,806.50"
WINEUR,"1,107,034,838,453.00"
TLMBTC,"14,770,087,685.20"
TLMBUSD,"49,270,479,724.91"
TLMUSDT,"187,195,406,832.41"
1INCHUPUSDT,"8,505,151,056.55"
1INCHDOWNUSDT,"13,091,863,835.14"
BTGBUSD,"38,692,750.73"
BTGUSDT,"26,635,775.02"
HOTBUSD,"248,952,059,783.20"
BNBUAH,"285,866.39"
ONTTRY,"1,574,143,016.96"
VETEUR,"31,944,640,864.16"
VETGBP,"12,188,168,748.10"
WINBRL,"1,063,230,205,778.00"
MIRBTC,"576,856,762.88"
MIRBUSD,"5,067,426,571.46"
MIRUSDT,"6,551,226,423.61"
BARBTC,"22,206,324.17"
BARBUSD,"54,155,965.96"
BARUSDT,"260,906,525.49"
FORTHBTC,"45,761,942.38"
FORTHBUSD,"117,798,310.31"
FORTHUSDT,"398,939,573.57"
CAKEGBP,"11,378,169.72"
DOGERUB,"1,272,642,649.40"
HOTBRL,"1,115,811,541.00"
WRXEUR,"85,059,746.20"
EZBTC,"143,974,906.63"
EZETH,"56,307,387.09"
BAKEUSDT,"16,969,280,843.20"
BURGERBUSD,"1,753,965,383.20"
BURGERUSDT,"3,614,839,471.90"
SLPBUSD,"408,076,840,796.00"
SLPUSDT,"1,504,305,708,893.00"
TRXAUD,"366,036,031.00"
TRXEUR,"9,156,702,656.00"
VETTRY,"16,024,686,375.90"
SHIBUSDT,"9,937,107,722,029,130.00"
SHIBBUSD,"2,544,051,091,055,455.00"
ICPBTC,"102,570,513.33"
ICPBNB,"35,678,193.24"
ICPBUSD,"353,583,421.68"
ICPUSDT,"1,773,430,921.07"
SHIBEUR,"342,812,261,761,080.00"
SHIBRUB,"1,373,400,747,984.00"
ETCEUR,"9,432,569.34"
ETCBRL,"872,282.41"
DOGEBIDR,"2,698,635,702.00"
ARBTC,"35,886,508.38"
ARBNB,"6,580,158.90"
ARBUSD,"89,703,190.49"
ARUSDT,"565,698,542.71"
POLSBTC,"249,291,509.35"
POLSBNB,"90,703,226.92"
POLSBUSD,"511,120,310.21"
POLSUSDT,"1,760,137,691.46"
MDXBTC,"1,644,859,833.96"
MDXBNB,"108,268,902.21"
MDXBUSD,"7,066,456,028.92"
MDXUSDT,"15,438,848,915.59"
MASKBNB,"47,771,902.91"
MASKBUSD,"902,197,885.52"
MASKUSDT,"3,499,036,094.39"
LPTBTC,"28,227,924.25"
LPTBNB,"9,142,246.47"
LPTBUSD,"43,503,249.18"
LPTUSDT,"255,458,435.21"
ETHUAH,"112,331.04"
MATICBRL,"192,110,877.89"
SOLEUR,"76,118,668.26"
SHIBBRL,"43,588,195,576,347.00"
AGIXBTC,"9,642,691,443.00"
ICPEUR,"15,247,765.64"
MATICGBP,"254,109,705.49"
SHIBTRY,"1,063,523,770,137,273.00"
MATICBIDR,"241,571,676.83"
MATICRUB,"62,810,223.43"
NUBTC,"1,124,368,046.70"
NUBNB,"300,479,469.00"
NUBUSD,"1,472,554,317.00"
NUUSDT,"6,829,857,506.00"
XVGUSDT,"425,414,175,782.00"
RLCBUSD,"32,627,167.00"
CELRBUSD,"34,052,947,210.00"
ATMBUSD,"84,759,112.02"
ZENBUSD,"14,146,602.64"
FTMBUSD,"21,550,118,697.00"
THETABUSD,"678,739,926.91"
WINBUSD,"3,814,046,110,520.00"
KAVABUSD,"418,011,314.65"
XEMBUSD,"592,660,240.00"
ATABTC,"1,414,853,902.00"
ATABNB,"348,755,819.00"
ATABUSD,"3,988,595,258.00"
ATAUSDT,"19,898,877,107.00"
GTCBTC,"68,986,495.98"
GTCBNB,"4,226,898.60"
GTCBUSD,"177,272,523.41"
GTCUSDT,"1,309,639,642.16"
TORNBTC,"9,751,736.00"
TORNBNB,"2,828,213.11"
TORNBUSD,"157,374,432.78"
TORNUSDT,"119,155,045.94"
MATICTRY,"1,363,788,908.40"
ETCGBP,"454,428.83"
SOLGBP,"9,452,962.86"
BAKEBTC,"868,066,978.70"
COTIBUSD,"7,109,422,495.60"
KEEPBTC,"764,608,603.00"
KEEPBNB,"137,173,645.00"
KEEPBUSD,"1,423,252,686.00"
KEEPUSDT,"8,342,718,541.00"
SOLTRY,"112,081,405.87"
RUNEGBP,"18,721,836.00"
SOLBRL,"8,790,573.78"
SCBUSD,"46,438,742,515.00"
CHRBUSD,"4,770,106,855.00"
STMXBUSD,"43,998,628,601.00"
HNTBUSD,"208,822,782.81"
FTTBUSD,"2,752,676,986.92"
DOCKBUSD,"10,276,963,834.00"
ADABIDR,"371,737,194.30"
ERNBNB,"18,769,807.50"
ERNBUSD,"341,296,478.40"
ERNUSDT,"769,655,455.20"
KLAYBTC,"605,085,511.70"
KLAYBNB,"215,687,697.00"
KLAYBUSD,"2,643,225,850.80"
KLAYUSDT,"16,260,918,856.20"
RUNEEUR,"57,560,803.30"
MATICAUD,"305,845,212.00"
DOTRUB,"4,187,251.65"
UTKBUSD,"2,597,017,364.00"
IOTXBUSD,"37,851,680,123.00"
PHAUSDT,"10,938,971,745.00"
SOLRUB,"1,927,160.16"
RUNEAUD,"3,321,035.11"
BUSDUAH,"342,646,549.00"
BONDBTC,"35,802,970.13"
BONDBNB,"1,955,851.53"
BONDBUSD,"175,170,023.99"
BONDUSDT,"408,783,411.85"
MLNBTC,"4,530,469.13"
MLNBNB,"588,474.59"
MLNBUSD,"12,380,270.70"
MLNUSDT,"29,681,925.83"
GRTTRY,"5,875,431,199.00"
CAKEBRL,"2,168,620.81"
ICPRUB,"125,395.51"
DOTAUD,"8,819,081.62"
AAVEBRL,"8,738.89"
EOSAUD,"848,900.70"
DEXEUSDT,"340,776,887.45"
LTOBUSD,"5,836,123,583.00"
ADXBUSD,"4,177,161,828.00"
QUICKBTC,"42,135,243.07"
QUICKBNB,"109,964.44"
QUICKBUSD,"5,226,146.40"
C98USDT,"14,845,888,810.70"
C98BUSD,"3,234,292,262.80"
C98BNB,"222,675,185.10"
C98BTC,"659,311,020.70"
CLVBTC,"1,636,621,210.30"
CLVBNB,"414,383,154.30"
CLVBUSD,"3,925,096,084.40"
CLVUSDT,"15,454,318,209.30"
QNTBTC,"9,665,712.21"
QNTBNB,"892,477.99"
QNTBUSD,"12,754,834.96"
QNTUSDT,"46,575,486.40"
FLOWBTC,"303,646,534.15"
FLOWBNB,"38,162,262.92"
FLOWBUSD,"641,271,071.38"
FLOWUSDT,"3,680,454,542.17"
XECBUSD,"40,956,014,028,155.00"
AXSBRL,"6,103,453.61"
AXSAUD,"4,299,729.85"
TVKUSDT,"34,465,185,565.00"
MINABTC,"403,503,964.70"
MINABNB,"73,916,708.70"
MINABUSD,"1,606,856,686.90"
MINAUSDT,"6,951,693,136.10"
RAYBNB,"149,833,380.40"
RAYBUSD,"1,739,015,693.10"
RAYUSDT,"4,050,632,231.80"
FARMBTC,"2,975,333.88"
FARMBNB,"560,423.63"
FARMBUSD,"7,190,713.02"
FARMUSDT,"24,095,655.18"
ALPACABTC,"363,796,257.50"
ALPACABNB,"59,645,141.90"
ALPACABUSD,"1,217,062,334.40"
ALPACAUSDT,"4,151,153,846.30"
TLMTRY,"32,079,820,393.00"
QUICKUSDT,"778,917,922.64"
ORNBUSD,"175,979,749.50"
MBOXBTC,"220,655,184.10"
MBOXBNB,"168,352,268.70"
MBOXBUSD,"1,117,848,671.60"
MBOXUSDT,"4,211,859,033.90"
VGXBTC,"772,166,661.10"
VGXETH,"203,442,459.70"
FORUSDT,"60,267,081,339.00"
REQUSDT,"15,504,747,032.00"
GHSTUSDT,"692,911,580.20"
TRURUB,"457,226,845.00"
FISBRL,"215,832,417.70"
WAXPUSDT,"23,240,550,369.00"
WAXPBUSD,"5,621,435,344.00"
WAXPBNB,"910,773,308.00"
WAXPBTC,"2,515,938,343.00"
TRIBEBTC,"178,487,198.00"
TRIBEBNB,"62,385,804.00"
TRIBEBUSD,"980,129,695.00"
TRIBEUSDT,"2,754,033,167.00"
GNOUSDT,"1,780,729.73"
GNOBUSD,"242,860.09"
GNOBNB,"286,671.51"
GNOBTC,"226,461.18"
ARPATRY,"71,456,574,244.00"
PROMBTC,"24,882,151.51"
MTLBUSD,"428,826,952.30"
OGNBUSD,"2,377,759,314.90"
XECUSDT,"77,038,270,921,973.00"
C98BRL,"151,385,164.30"
SOLAUD,"10,142,910.83"
XRPBIDR,"205,708,156.10"
POLYBUSD,"1,216,130,139.70"
ELFUSDT,"6,059,646,611.40"
DYDXUSDT,"6,390,336,801.46"
DYDXBUSD,"1,040,453,061.51"
DYDXBNB,"31,059,585.52"
DYDXBTC,"291,829,975.02"
ELFBUSD,"1,809,544,679.40"
POLYUSDT,"4,116,531,386.80"
IDEXUSDT,"43,634,369,423.10"
VIDTUSDT,"28,900,517,181.30"
SOLBIDR,"5,077,206.55"
BTCUSDP,"3,890.64"
ETHUSDP,"51,910.29"
BNBUSDP,"189,202.48"
USDPBUSD,"382,432,317.01"
USDPUSDT,"3,020,977,017.58"
GALAUSDT,"638,500,174,833.00"
GALABUSD,"175,790,836,780.00"
GALABNB,"8,174,445,954.00"
GALABTC,"26,964,409,291.00"
FTMBIDR,"104,809,490.40"
ALGOBIDR,"15,130,942.50"
CAKEAUD,"960,094.73"
KSMAUD,"63,675.95"
WAVESRUB,"4,265,621.11"
SUNBUSD,"67,237,624,125.00"
ILVUSDT,"15,135,869.45"
ILVBUSD,"4,299,317.87"
ILVBNB,"306,681.50"
ILVBTC,"1,527,990.84"
RENBUSD,"4,156,708,773.00"
YGGUSDT,"7,479,441,292.50"
YGGBUSD,"1,557,158,893.40"
YGGBNB,"79,292,432.70"
YGGBTC,"359,245,275.90"
STXBUSD,"2,015,169,609.60"
SYSUSDT,"8,808,947,723.00"
DFUSDT,"20,293,043,593.00"
SOLUSDC,"18,497,617.99"
ARPARUB,"2,042,530,142.00"
LTCUAH,"566,896.05"
FETBUSD,"8,673,056,879.00"
ARPABUSD,"14,864,023,065.30"
LSKBUSD,"154,010,651.40"
AVAXBIDR,"709,081.02"
ALICEBIDR,"7,397,284.46"
FIDAUSDT,"3,504,051,921.90"
FIDABUSD,"1,947,607,118.70"
FIDABNB,"7,546,856.20"
FIDABTC,"262,635,450.40"
DENTBUSD,"326,657,871,997.00"
FRONTUSDT,"3,635,860,253.00"
CVPUSDT,"2,540,487,202.50"
AGLDBTC,"281,686,237.00"
AGLDBNB,"21,276,287.30"
AGLDBUSD,"929,504,948.80"
AGLDUSDT,"3,445,854,413.10"
RADBTC,"97,833,912.00"
RADBNB,"17,795,276.20"
RADBUSD,"303,647,265.30"
RADUSDT,"1,149,265,117.70"
UNIAUD,"242,620.31"
HIVEBUSD,"880,925,004.00"
STPTBUSD,"34,381,383,360.90"
BETABTC,"1,526,064,305.00"
BETABNB,"577,704,562.00"
BETABUSD,"7,896,462,564.00"
BETAUSDT,"20,258,244,803.00"
SHIBAUD,"22,654,859,931,343.00"
RAREBTC,"600,570,493.70"
RAREBNB,"87,733,715.00"
RAREBUSD,"2,486,283,581.20"
RAREUSDT,"6,538,356,819.40"
AVAXBRL,"4,929,913.59"
AVAXAUD,"3,259,833.94"
LUNAAUD,"1,082,242,236.50"
TROYBUSD,"254,824,963,446.00"
AXSETH,"12,120,130.30"
FTMETH,"773,201,345.30"
SOLETH,"30,902,216.62"
SSVBTC,"34,515,415.55"
SSVETH,"21,224,881.32"
LAZIOTRY,"685,434,968.00"
LAZIOEUR,"22,746,175.01"
LAZIOBTC,"60,089,887.87"
LAZIOUSDT,"1,020,394,122.94"
CHESSBTC,"420,841,523.90"
CHESSBNB,"30,725,599.60"
CHESSBUSD,"1,764,727,833.80"
CHESSUSDT,"5,101,983,061.60"
FTMAUD,"275,155,982.00"
FTMBRL,"302,886,666.50"
SCRTBUSD,"459,921,768.70"
ADXUSDT,"6,484,589,017.00"
AUCTIONUSDT,"191,073,651.09"
CELOBUSD,"671,292,700.90"
FTMRUB,"72,434,686.00"
NUAUD,"14,445,816.00"
NURUB,"14,686,999.40"
REEFTRY,"212,518,915,649.00"
REEFBIDR,"919,015,824.00"
SHIBDOGE,"47,420,389,577,232.00"
DARUSDT,"18,157,710,335.00"
DARBUSD,"4,201,430,435.00"
DARBNB,"490,717,718.00"
DARBTC,"738,127,287.00"
BNXBTC,"47,090,924.41"
BNXBNB,"14,587,279.25"
BNXBUSD,"499,828,106.33"
BNXUSDT,"2,192,049,084.94"
RGTUSDT,"13,846,109.09"
RGTBTC,"1,808,630.62"
RGTBUSD,"3,408,281.30"
RGTBNB,"1,541,964.80"
LAZIOBUSD,"267,220,357.86"
OXTBUSD,"1,436,109,511.00"
MANATRY,"1,588,002,513.40"
ALGORUB,"100,410,188.50"
SHIBUAH,"222,189,968,582.00"
LUNABIDR,"1,805,064,671.82"
AUDUSDC,"333,276,913.00"
MOVRBTC,"8,065,896.92"
MOVRBNB,"220,490.00"
MOVRBUSD,"25,696,438.35"
MOVRUSDT,"86,893,672.51"
CITYBTC,"16,847,714.88"
CITYBNB,"6,405,365.14"
CITYBUSD,"43,526,498.88"
CITYUSDT,"221,316,833.73"
ENSBTC,"27,055,073.21"
ENSBNB,"3,799,444.31"
ENSBUSD,"100,097,941.98"
ENSUSDT,"673,442,022.63"
SANDETH,"146,404,229.40"
DOTETH,"25,541,018.07"
MATICETH,"782,296,632.10"
ANKRBUSD,"18,032,640,275.10"
SANDTRY,"1,009,906,130.00"
MANABRL,"98,422,830.80"
KP3RUSDT,"12,776,472.31"
QIUSDT,"110,190,541,806.00"
QIBUSD,"37,988,498,928.00"
QIBNB,"438,388,684.00"
QIBTC,"10,411,683,944.00"
PORTOBTC,"60,472,565.99"
PORTOUSDT,"904,123,481.76"
PORTOTRY,"636,427,134.67"
PORTOEUR,"31,772,890.81"
POWRUSDT,"5,336,937,109.00"
POWRBUSD,"1,123,463,796.00"
AVAXETH,"14,802,117.13"
SLPTRY,"330,850,352,756.00"
FISTRY,"5,952,558.80"
LRCTRY,"2,091,762,538.90"
CHRETH,"229,407,477.90"
FISBIDR,"3,487,585.80"
VGXUSDT,"11,931,725,430.90"
GALAETH,"4,015,018,113.00"
JASMYUSDT,"1,490,728,176,275.00"
JASMYBUSD,"388,470,281,807.90"
JASMYBNB,"20,399,258,177.00"
JASMYBTC,"68,005,969,355.00"
AMPBTC,"21,794,475,133.00"
AMPBNB,"960,593,168.00"
AMPBUSD,"56,774,182,815.00"
AMPUSDT,"207,795,548,472.00"
PLABTC,"304,076,640.11"
PLABNB,"81,073,880.58"
PLABUSD,"755,064,088.32"
PLAUSDT,"2,730,625,088.37"
PYRBTC,"185,428,999.81"
PYRBUSD,"220,711,571.30"
PYRUSDT,"599,329,701.69"
RNDRBTC,"355,494,772.67"
RNDRUSDT,"5,143,353,296.78"
RNDRBUSD,"1,452,061,291.45"
ALCXBTC,"2,479,168.01"
ALCXBUSD,"8,713,321.34"
ALCXUSDT,"23,717,741.60"
SANTOSBTC,"79,718,811.18"
SANTOSUSDT,"727,302,882.12"
SANTOSBRL,"24,103,828.34"
SANTOSTRY,"640,775,739.16"
MCBTC,"186,858,360.90"
MCBUSD,"482,582,831.21"
MCUSDT,"2,012,944,052.16"
BELTRY,"2,362,974,644.43"
COCOSBUSD,"1,117,960,438.00"
DENTTRY,"331,055,708,770.00"
ENJTRY,"393,908,438.27"
NEORUB,"2,872,274.30"
SANDAUD,"50,505,891.00"
SLPBIDR,"9,166,551,397.00"
ANYBTC,"8,354,846.11"
ANYBUSD,"12,811,642.14"
ANYUSDT,"56,739,043.55"
BICOBTC,"208,016,039.81"
BICOBUSD,"708,375,679.57"
BICOUSDT,"2,519,707,369.29"
FLUXBTC,"240,321,006.36"
FLUXBUSD,"941,520,650.30"
FLUXUSDT,"2,518,168,364.96"
ALICETRY,"80,425,681.37"
FXSUSDT,"380,153,130.20"
GALABRL,"2,997,568,681.20"
GALATRY,"31,373,505,307.00"
LUNATRY,"24,075,454,440.83"
REQBUSD,"2,539,270,802.00"
SANDBRL,"95,175,592.26"
MANABIDR,"13,079,693.43"
SANDBIDR,"22,853,513.32"
VOXELBTC,"470,378,095.00"
VOXELBNB,"189,991,137.40"
VOXELBUSD,"2,375,926,891.70"
VOXELUSDT,"6,498,419,013.40"
COSBUSD,"36,173,094,174.10"
CTXCBUSD,"4,023,287,955.00"
FTMTRY,"2,974,410,095.59"
MANABNB,"27,153,243.03"
MINATRY,"884,106,263.12"
XTZTRY,"57,546,978.38"
HIGHBTC,"100,592,392.86"
HIGHBUSD,"749,012,885.35"
HIGHUSDT,"1,854,280,258.93"
CVXBTC,"13,041,643.03"
CVXBUSD,"48,881,563.18"
CVXUSDT,"200,122,129.00"
PEOPLEBTC,"9,932,766,218.80"
PEOPLEBUSD,"54,783,442,286.30"
PEOPLEUSDT,"337,255,105,244.40"
OOKIBUSD,"102,360,873,765.00"
OOKIUSDT,"328,662,691,154.00"
COCOSTRY,"1,769,991,570.21"
GXSBNB,"15,569,019.28"
LINKBNB,"9,603,311.14"
LUNAETH,"12,298,253,820.57"
MDTBUSD,"17,596,072,938.90"
NULSBUSD,"1,296,299,627.00"
SPELLBTC,"7,334,193,502.00"
SPELLUSDT,"2,002,364,911,879.00"
SPELLBUSD,"426,480,963,718.00"
USTBTC,"643,899,335.55"
USTBUSD,"34,382,438,098.00"
USTUSDT,"26,371,104,389.00"
JOEBTC,"358,201,365.55"
JOEBUSD,"1,717,575,458.16"
JOEUSDT,"5,257,349,975.65"
ATOMETH,"16,443,150.28"
DUSKBUSD,"2,422,664,097.00"
EGLDETH,"1,134,227.07"
ICPETH,"5,827,141.73"
LUNABRL,"1,141,971,171.45"
LUNAUST,"13,101,938,252.54"
NEARETH,"30,001,383.49"
ROSEBNB,"297,059,107.90"
VOXELETH,"33,297,390.76"
ALICEBNB,"8,642,406.28"
ATOMTRY,"25,401,898.17"
ETHUST,"306,285.51"
GALAAUD,"1,188,983,243.00"
LRCBNB,"80,602,837.18"
ONEETH,"2,038,322,047.80"
OOKIBNB,"3,521,491,944.00"
ACHBTC,"13,688,377,198.00"
ACHBUSD,"73,630,600,888.00"
ACHUSDT,"203,089,373,720.00"
IMXBTC,"278,424,593.33"
IMXBUSD,"1,088,561,867.32"
IMXUSDT,"5,156,015,120.84"
GLMRBTC,"274,789,588.80"
GLMRBUSD,"1,071,742,975.50"
GLMRUSDT,"4,125,262,182.40"
ATOMBIDR,"310,857.83"
DYDXETH,"2,248,298.53"
FARMETH,"80,601.11"
FORBNB,"152,637,483.00"
ICPTRY,"22,253,912.58"
JASMYETH,"19,714,545,351.00"
LINABNB,"319,774,195.00"
OOKIETH,"6,434,097,708.00"
ROSEETH,"954,194,364.80"
UMABUSD,"114,894,200.90"
UNIETH,"12,031,378.49"
XTZETH,"18,855,645.06"
LOKABTC,"343,574,716.20"
LOKABNB,"320,799,349.50"
LOKABUSD,"1,693,112,387.30"
LOKAUSDT,"4,230,794,498.00"
ATOMBRL,"5,348,198.80"
BNBUST,"465,445.84"
CRVETH,"89,478,269.65"
HIGHBNB,"32,019,090.28"
NEARRUB,"9,749,996.39"
ROSETRY,"5,524,541,495.30"
SCRTUSDT,"860,060,067.30"
API3BTC,"68,067,633.03"
API3BUSD,"187,187,833.04"
API3USDT,"1,008,024,276.66"
BTTCUSDT,"1,966,585,527,283,022.00"
BTTCUSDC,"45,514,513,430,727.00"
BTTCTRY,"267,560,490,608,618.00"
ACABTC,"773,702,043.77"
ACABUSD,"3,293,693,822.92"
ACAUSDT,"11,229,287,919.32"
ANCBTC,"2,638,772,958.88"
ANCBUSD,"28,301,834,015.93"
ANCUSDT,"29,892,812,675.85"
BDOTDOT,"18,981,349.17"
XNOBTC,"93,663,609.67"
XNOETH,"33,360,413.56"
XNOBUSD,"258,445,144.60"
XNOUSDT,"559,075,630.00"
COSTRY,"92,857,673,117.00"
KAVAETH,"24,913,975.12"
MCBNB,"49,975,466.51"
ONETRY,"9,310,299,788.20"
WOOBTC,"410,370,776.00"
WOOBNB,"500,571,248.00"
WOOBUSD,"2,275,031,620.40"
WOOUSDT,"14,420,365,538.40"
CELRETH,"999,667,849.00"
PEOPLEBNB,"1,846,887,533.00"
SLPBNB,"48,846,049,167.00"
SPELLBNB,"5,021,814,641.00"
SPELLTRY,"892,128,836,393.00"
TFUELBUSD,"3,453,176,151.00"
AXSTRY,"25,383,202.31"
DARTRY,"3,796,420,267.69"
NEARTRY,"58,158,662.41"
IDEXBNB,"1,099,667,194.30"
ALPINEEUR,"18,633,743.74"
ALPINETRY,"867,198,121.78"
ALPINEUSDT,"1,144,359,116.52"
ALPINEBTC,"134,091,612.50"
TUSDT,"44,741,517,382.50"
TBUSD,"16,652,566,338.80"
API3BNB,"2,549,663.60"
BETAETH,"282,736,670.90"
INJTRY,"238,177,594.09"
TLMBNB,"78,163,945.00"
ASTRBUSD,"9,351,299,874.50"
ASTRUSDT,"36,290,277,307.70"
API3TRY,"168,685,960.14"
GLMRBNB,"48,792,746.80"
MBOXTRY,"624,142,305.32"
GMTBTC,"3,094,807,672.20"
GMTBNB,"920,392,997.70"
GMTBUSD,"17,418,325,306.00"
GMTUSDT,"59,979,799,646.30"
ANCBNB,"337,635,493.67"
ATOMEUR,"6,288,800.73"
GALAEUR,"2,558,348,753.00"
KSMETH,"317,151.29"
UMATRY,"239,827,209.58"
KDABTC,"100,601,316.59"
KDABUSD,"397,626,289.41"
KDAUSDT,"1,198,235,580.57"
APEUSDT,"5,564,816,820.73"
APEBUSD,"1,371,503,784.62"
APEBTC,"277,892,699.67"
ALPINEBUSD,"218,661,281.91"
LUNAGBP,"1,052,325,350.45"
NEAREUR,"27,251,323.20"
TWTTRY,"605,143,203.08"
WAVESEUR,"11,775,667.61"
APEEUR,"29,493,647.77"
APEGBP,"9,893,015.77"
APETRY,"307,038,579.44"
BSWUSDT,"7,332,047,609.40"
BSWBUSD,"1,782,787,484.30"
BSWBNB,"277,209,075.60"
APEBNB,"17,505,329.31"
GMTBRL,"278,128,495.00"
GMTETH,"450,923,899.00"
JASMYTRY,"244,578,043,199.00"
SANTOSBUSD,"197,035,453.05"
APEAUD,"12,256,448.40"
BIFIUSDT,"792,022.44"
GMTEUR,"240,001,960.90"
IMXBNB,"34,436,623.29"
RUNEETH,"161,869,482.42"
AVAXGBP,"1,272,809.36"
MULTIBTC,"21,039,962.33"
MULTIBUSD,"53,657,183.82"
MULTIUSDT,"202,055,123.43"
APEETH,"43,868,463.42"
BSWETH,"54,041,010.38"
FILTRY,"50,394,146.22"
FTMEUR,"247,474,227.00"
GMTGBP,"94,266,404.20"
ZILTRY,"8,692,140,009.90"
GMTTRY,"1,393,095,810.26"
WAVESTRY,"319,961,954.50"
BTCUST,"17,378.74"
ASTRBTC,"1,244,219,114.50"
ASTRETH,"407,908,683.20"
BSWTRY,"1,110,093,082.66"
FTTETH,"12,057,323.18"
FUNBNB,"1,942,538,347.00"
PORTOBUSD,"167,825,011.50"
STEEMUSDT,"2,260,088,400.10"
ZILEUR,"297,374,254.60"
APEBRL,"9,603,534.75"
AUDIOTRY,"1,690,734,021.46"
BTTCBUSD,"192,255,494,936,490.00"
GMTAUD,"62,730,741.10"
MBLBUSD,"305,661,687,298.00"
MOBUSDT,"769,247,355.12"
MOBBUSD,"423,867,136.33"
MOBBTC,"116,954,356.41"
NEXOUSDT,"846,693,892.16"
NEXOBUSD,"197,503,584.90"
NEXOBTC,"209,697,027.59"
REIUSDT,"24,613,425,994.30"
REIBNB,"1,099,421,041.00"
REIETH,"857,764,412.00"
GALUSDT,"2,031,809,488.69"
GALBUSD,"638,342,643.96"
GALBNB,"17,773,951.02"
GALBTC,"63,702,755.17"
JASMYEUR,"12,691,423,292.00"
KNCBNB,"22,855,098.37"
SHIBGBP,"1,958,232,642,284.00"
GALEUR,"11,347,469.68"
GALTRY,"164,676,018.13"
LDOBUSD,"1,364,378,110.34"
LDOUSDT,"4,868,407,344.84"
LDOBTC,"189,652,663.55"
ENSTRY,"7,898,787.82"
DAREUR,"146,913,306.00"
DARETH,"63,133,577.10"
ALGOETH,"110,466,130.50"
ALGOTRY,"593,146,733.40"
GALETH,"11,009,239.42"
EPXUSDT,"1,910,153,563,707.00"
EPXBUSD,"877,235,499,515.00"
RUNETRY,"32,807,308.63"
GALBRL,"14,340,984.04"
STEEMBUSD,"756,471,971.80"
CVCBUSD,"1,866,097,964.00"
REIBUSD,"8,121,937,640.30"
DREPBUSD,"1,109,334,849.00"
AKROBUSD,"82,293,431,347.00"
PUNDIXBUSD,"499,553,877.50"
LUNCBUSD,"171,562,320,270,748.00"
USTCBUSD,"302,211,275,688.00"
OPBTC,"341,643,136.79"
OPBUSD,"3,848,791,457.83"
OPUSDT,"13,558,498,371.19"
OGBUSD,"163,527,522.30"
KEYBUSD,"724,447,167,925.00"
ASRBUSD,"90,997,004.00"
FIROBUSD,"175,423,353.80"
NKNBUSD,"1,966,510,692.00"
OPBNB,"42,112,599.70"
OPEUR,"31,924,826.66"
GTOBUSD,"20,260,076,013.70"
SNXETH,"11,754,767.71"
WBTCBUSD,"7,236.59"
BELETH,"27,774,361.80"
LITETH,"34,447,528.90"
LEVERUSDT,"958,386,136,140.00"
LEVERBUSD,"768,916,364,853.00"
BURGERETH,"21,236,826.94"
PEOPLEETH,"788,119,083.00"
UNFIETH,"1,877,920.49"
BONDETH,"2,763,185.61"
STORJTRY,"519,858,436.50"
OPETH,"127,679,247.83"
ETCTRY,"2,656,423.24"
WINGETH,"2,599,523.80"
FILETH,"8,805,599.12"
GLMBUSD,"914,149,846.60"
SSVBUSD,"63,244,932.83"
STGBTC,"215,374,422.20"
STGBUSD,"1,785,179,575.90"
STGUSDT,"6,297,883,973.50"
ANKRTRY,"12,598,809,846.00"
ARKBUSD,"1,550,661,257.00"
BETHBUSD,"179,665.45"
LOOMBUSD,"13,378,855,115.00"
SNMBUSD,"6,470,271,016.00"
AMBBUSD,"74,995,288,770.00"
LUNCUSDT,"45,754,466,291,843.30"
PHBBUSD,"3,303,693,312.00"
GASBUSD,"145,024,323.60"
NEBLBUSD,"486,057,776.30"
PROSBUSD,"1,832,413,449.00"
VIBBUSD,"24,275,283,202.00"
GMXBTC,"1,598,899.32"
GMXBUSD,"12,184,150.55"
GMXUSDT,"36,905,636.24"
AGIXBUSD,"27,777,522,972.00"
NEBLUSDT,"417,094,240.50"
SNTBUSD,"5,737,954,361.00"
POLYXBTC,"441,695,281.80"
POLYXBUSD,"2,015,617,551.10"
POLYXUSDT,"4,392,404,450.70"
APTBTC,"102,874,498.04"
APTUSDT,"2,093,681,953.67"
APTBUSD,"930,041,523.78"
BTCPLN,"7,052.73"
ETHPLN,"24,935.73"
BUSDPLN,"84,537,856.00"
APTEUR,"6,538,617.25"
APTTRY,"74,156,077.96"
APTBRL,"2,626,370.88"
QKCBUSD,"13,065,314,136.00"
OSMOBTC,"27,245,994.18"
OSMOUSDT,"569,476,992.42"
OSMOBUSD,"273,616,177.19"
HFTBTC,"534,182,086.40"
HFTBUSD,"3,010,813,327.80"
HFTUSDT,"5,493,001,335.10"
ARPAETH,"452,863,696.00"
PHBUSDT,"1,612,789,951.00"
VITEBUSD,"3,945,624,135.30"
HOOKBTC,"152,260,313.30"
HOOKUSDT,"2,733,079,514.90"
HOOKBUSD,"1,283,350,312.30"
HOOKBNB,"46,498,736.60"
MAGICBTC,"255,451,098.70"
MAGICBUSD,"1,368,206,286.60"
MAGICUSDT,"4,358,594,508.00"
BUSDRON,"11,771,776.00"
HIFIETH,"41,516,694.00"
HIFIUSDT,"894,942,811.00"
RPLBTC,"693,635.46"
RPLBUSD,"3,571,909.00"
RPLUSDT,"10,514,645.54"
PROSUSDT,"434,102,695.00"
FETTRY,"2,503,415,405.00"
GFTBUSD,"39,156,445,012.00"
AGIXUSDT,"12,566,524,954.00"
APTETH,"1,548,039.23"
BTCRON,357.13
GNSUSDT,"93,739,160.88"
GNSBTC,"3,190,853.34"
SYNBTC,"24,218,499.00"
SYNUSDT,"835,850,972.10"
VIBUSDT,"3,153,667,205.00"
SSVUSDT,"61,700,282.91"
LQTYUSDT,"1,481,424,956.40"
LQTYBTC,"55,056,251.40"
AMBUSDT,"45,261,783,028.00"
BETHUSDT,"134,961.11"
CFXTRY,"3,087,524,794.00"
STXTRY,"330,668,834.50"
USTCUSDT,"37,746,610,847.00"
GASUSDT,"31,641,617.20"
GLMUSDT,"560,717,894.70"
PROMUSDT,"20,702,779.82"
QKCUSDT,"7,398,572,890.00"
UFTUSDT,"376,087,481.00"
IDBTC,"378,817,951.00"
IDBNB,"134,953,591.00"
IDUSDT,"11,504,316,759.00"
ARBBTC,"527,826,002.50"
ARBUSDT,"14,403,726,115.40"
AGIXTRY,"559,218,991.00"
LOOMUSDT,"2,635,006,674.00"
OAXUSDT,"2,122,674,317.00"
ARBTUSD,"120,158,315.20"
ARBTRY,"201,297,910.20"
ARBEUR,"18,095,879.80"
IDTUSD,"76,840,173.00"
IDTRY,"1,034,231,300.00"
IDEUR,"13,491,886.00"
LDOTUSD,"3,252,065.07"
MATICTUSD,"31,526,339.40"
OPTUSD,"11,597,834.97"
SOLTUSD,"1,340,290.06"
SSVTUSD,"620,323.42"
RDNTBTC,"174,327,074.00"
RDNTUSDT,"5,692,864,190.00"
RDNTTUSD,"38,868,986.00"
ARBRUB,"2,596,576.00"
JOETRY,"263,296,118.20"
MAGICTRY,"46,202,960.60"
USDTPLN,"55,054,910.00"
ACHTRY,"3,540,941,182.00"
XVSTRY,"3,775,628.14"
EGLDRON,"88,322.73"
USDTRON,"10,236,739.00"
USDTARS,"24,399,495.00"
DOGETUSD,"228,692,724.00"
WBTCUSDT,"1,067.92"
EDUUSDT,"3,716,276,754.00"
EDUTUSD,"58,208,121.00"
EDUBNB,"64,530,080.00"
EDUBTC,"159,397,563.00"
EDUEUR,"2,403,697.00"
EDUTRY,"196,453,736.00"
SUIUSDT,"5,385,246,473.00"
SUITUSD,"160,958,735.10"
SUIBTC,"277,899,317.90"
SUIBNB,"71,438,149.10"
SUIEUR,"8,976,402.30"
SUITRY,"223,333,923.80"
AERGOUSDT,"545,511,105.00"
RNDRTRY,"46,079,803.10"
PEPEUSDT,"4,005,788,602,976,765.00"
PEPETUSD,"45,126,020,827,819.00"
FLOKIUSDT,"20,290,521,345,966.00"
FLOKITUSD,"203,721,234,076.00"
OGTRY,"36,026,474.61"
PEPETRY,"770,070,080,609,739.00"
WBETHETH,"4,875.86"
ASTUSDT,"973,816,986.00"
SNTUSDT,"1,456,905,352.00"
FLOKITRY,"3,850,766,031,270.00"
CITYTRY,"22,985,347.25"
COMBOUSDT,"299,572,679.80"
COMBOBNB,"4,036,141.30"
COMBOTRY,"150,598,163.00"
LTCTRY,"407,421.88"
RADTRY,"25,772,655.60"
BTCARS,112.79
OPTRY,"21,975,885.52"
PAXGTRY,"4,038.37"
MAVBTC,"52,091,283.00"
MAVUSDT,"1,630,465,110.00"
MAVTUSD,"58,908,446.00"
CFXTUSD,"14,178,287.00"
PENDLEBTC,"7,363,208.70"
PENDLEUSDT,"235,123,586.00"
PENDLETUSD,"3,555,581.30"
MAVTRY,"106,955,351.00"
OCEANTRY,"66,151,652.00"
TUSDTRY,"20,800,968.00"
ARBETH,"5,571,692.80"
BCHTRY,"22,018.50"
XVGTRY,"10,900,976,328.00"
XVGTUSD,"255,838,292.00"
ARKMUSDT,"773,776,966.00"
ARKMTUSD,"41,254,370.00"
ARKMTRY,"162,077,560.00"
ARKMBNB,"29,873,880.00"
ARKMBTC,"37,692,847.00"
WBETHUSDT,682.25
ACATRY,"469,318,234.00"
AVAXTUSD,"31,752.91"
COMPTUSD,"17,189.19"
COMPTRY,"358,470.45"
XECTRY,"701,048,608,886.00"
QUICKTUSD,"12,529,963.00"
WLDUSDT,"455,431,642.70"
WLDBTC,"27,778,296.60"
BNBFDUSD,"2,833.21"
FDUSDBUSD,"24,815,988.00"
FDUSDUSDT,"480,066,058.00"
ARKMRUB,"619,402.00"
WLDTRY,"16,000,187.80"
WLDRUB,"284,516.50"
AMPTRY,"6,038,829,857.00"
OGNTRY,"51,707,279.00"
BTCFDUSD,"2,006.80"
ETHFDUSD,388.48
ASRTRY,"100,420.00"
ATMTRY,"108,440.20"
ACMTRY,"959,197.90"
BARTRY,"1,540,753.80"
JUVTRY,"250,391.70"
PSGTRY,"173,689.30"
SEIBNB,"16,266,723.10"
SEIBTC,"34,406,570.70"
SEIFDUSD,"11,855,664.20"
SEITRY,"99,208,320.40"
SEIUSDT,"637,604,071.40"
CYBERBNB,"190,510.00"
CYBERBTC,"741,567.83"
CYBERFDUSD,"69,402.96"
CYBERTRY,"1,987,241.73"
CYBERUSDT,"12,137,133.35"
